{"x":7.308194637298584,"y":244.65725708007813,"v_x":0.0}