{"x":22.328336715698243,"y":225.2467498779297,"v_x":0.0}